Worker ID,UPDATE-Completed the survey
A157LV5C7C5B1U,1
A13PVNQT2WWWVL,1
AO7D2ISPG86RL,1
A38G8EDRTFCS9S,1
AUQIFBP9F3I3H,1
A28UOASDK07CKF,1
A3TZUM1GAP2EQR,1
A2UXY2HVV2O2G7,1
AUNX1G4IZUO2,1
A2L32DLHK6BCSR,1
A1FYQ4Z8HWSUW5,1
A2KFIQZJ7L4TIJ,1
A2VXPJCWVA1AUC,1
A3POQ5BNIWRKJP,1
A3KLFN0W4O3JVC,1
A31Z9IY8GZC5LD,1
AXOFGXGQKQA53,1
A2X7O9FF1EC3V5,1
A1337MPXA69L1O,1
A3QIWHREBINC1Z,1
A2SRV35Z2GZT7O,1
AHXHM1PQTRWIQ,1
A2R4HWGMQHM5FB,1
A3FDR89022QHI,1
A3A1PY8GLGYRR5,1
A3NSVJGHKJE2DY,1
AOOM8772H6308,1
A2FDEAGGFLWO7B,1
AFSG1VE16FX3B,1
A14FH51IF9CX3G,1
A3PHU29FNBH1NW,1
A1XA6XRYKU68U4,1
A6J2OG4KRH9WV,1
A7E3OUT6O09DD,1
A28ZQT5WXSMIED,1
A3F6FNJMTWTPTA,1
A13USGWIELDZ4Y,1
A1JA9VL6KLH9ER,1
A1ZOQVHPCM44TS,1
A332CO87VWJRAX,1
A34DPLN8CFAUZ9,1
